,common_teks_fraction,common_teks_fraction,common_teks_fraction,common_teks_fraction,common_teks_fraction,common_teks_fraction,common_teks_fraction
region_x,CH,DE,DE@ES,ES,EU@ES,IT@ES,MT
region_y,,,,,,,
CH,,0.027441631468477105,0.0,0.0,0.0,0.0,0.0
DE,0.8861924686192468,,1.0,0.8538967510464421,0.6293174054615553,0.005532503457814661,0.5897708379754212
DE@ES,0.0,0.37381772952242753,,0.0,0.28817994766175914,0.0,0.24726188231664467
ES,0.0,0.11101033919825866,0.0,,0.10022173834874848,0.0,0.07728433573864903
EU@ES,0.0,0.8163302324376149,1.0,1.0,,1.0,0.8445571876660439
IT@ES,0.0,0.0002073022207250395,0.0,0.0,0.028885914620747518,,0.024784464288775003
MT,0.0,0.8916327641159856,1.0,0.8987442694837552,0.9843185041650852,1.0,
