,common_teks_fraction,common_teks_fraction,common_teks_fraction,common_teks_fraction,common_teks_fraction,common_teks_fraction,common_teks_fraction
region_x,CH,DE,DE@ES,ES,EU@ES,IT@ES,MT
region_y,,,,,,,
CH,,0.031101449301443363,0.0,0.0,0.0,0.0,0.0
DE,0.8724129227662797,,1.0,0.6483874412644169,0.8405385745460769,0.004576529747443358,0.01121864918305755
DE@ES,0.0,0.13061169032980224,,0.0,0.7100597623768025,0.0,0.0
ES,0.0,0.010926223025240179,0.0,,0.03041605454208327,0.0,0.008564887085024456
EU@ES,0.0,0.10605175806644633,0.6859193838395669,0.22773387441264417,,0.12463981015876603,0.0
IT@ES,0.0,7.288347731569253e-05,0.0,0.0,0.015732196089058778,,0.008086169216359664
MT,0.0,0.0009699801055100809,0.0,0.04394489534387014,0.0,0.04390078535510481,
