,common_teks_fraction,common_teks_fraction,common_teks_fraction,common_teks_fraction,common_teks_fraction,common_teks_fraction,common_teks_fraction
region_x,CH,DE,DE@ES,ES,EU@ES,IT@ES,MT
region_y,,,,,,,
CH,,0.031165334818596624,0.0,0.0,0.0,0.0,0.0
DE,0.8838645469160691,,1.0,0.6554227156276686,0.8406223507704583,0.004576529747443358,0.011094784812283055
DE@ES,0.0,0.13061169032980224,,0.0,0.709306053244616,0.0,0.0
ES,0.0,0.011049495079465486,0.0,,0.03144524153849442,0.0,0.01318171170595626
EU@ES,0.0,0.10617503012067164,0.6859193838395669,0.23558923996584116,,0.12463981015876603,0.0
IT@ES,0.0,7.288347731569253e-05,0.0,0.0,0.01571549679064764,,0.0
MT,0.0,0.0009375874489253286,0.0,0.06607600341588386,0.0,0.0,
