,common_teks_fraction,common_teks_fraction,common_teks_fraction,common_teks_fraction,common_teks_fraction,common_teks_fraction,common_teks_fraction
region_x,CH,DE,DE@ES,ES,EU@ES,IT@ES,MT
region_y,,,,,,,
CH,,0.027130678137389546,0.0,0.0,0.0,0.0,0.0
DE,0.8283227848101266,,0.893208722741433,0.8060512024825446,0.5707635708386516,0.005069708491761723,0.5526659886677321
DE@ES,0.0,0.3714855795392708,,0.0,0.30126135595765446,0.0,0.2590924499975786
ES,0.0,0.10769350366665803,0.0,,0.09677903746527516,0.0,0.07524173890583886
EU@ES,0.0,0.7879557409758752,1.0,1.0,,1.0,0.84622338450611
IT@ES,0.0,0.0002073022207250395,0.0,0.0,0.0296193407913507,,0.025473388541818007
MT,0.0,0.8871498535928066,1.0,0.9039953452288596,0.9839514978601998,1.0,
