,common_teks_fraction,common_teks_fraction,common_teks_fraction,common_teks_fraction,common_teks_fraction,common_teks_fraction,common_teks_fraction
region_x,CH,DE,DE@ES,ES,EU@ES,IT@ES,MT
region_y,,,,,,,
CH,,0.030729567529027352,0.0,0.0,0.0,0.0,0.0
DE,0.9837007179745559,,0.9987221772494029,0.6755069238377843,0.8632660018750533,0.004912080871360433,0.4640112060915164
DE@ES,0.0,0.11748031396917284,,0.0,0.7552544106366658,0.0,0.0
ES,0.0,0.008599210827435,0.0,,0.03132191255433393,0.0,0.005710796638172545
EU@ES,0.0,0.07970973433498754,0.5928428545623624,0.22718842729970326,,0.09382786360076885,0.0
IT@ES,0.0,5.430086456420015e-05,0.0,0.0,0.011233273672547516,,0.007889758877475277
MT,0.0,0.03050055953499573,0.0,0.02948813056379822,0.0,0.046913931800384424,
