,common_teks_fraction,common_teks_fraction,common_teks_fraction,common_teks_fraction,common_teks_fraction,common_teks_fraction,common_teks_fraction
region_x,CH,DE,DE@ES,ES,EU@ES,IT@ES,MT
region_y,,,,,,,
CH,,0.02646103180087331,0.0,0.0,0.0,0.0,0.0
DE,0.8943772206624097,,0.9592855307519212,0.5923098087769982,0.8041197272959276,0.00428976683041583,0.013084033701616881
DE@ES,0.0,0.09056706411632386,,0.0,0.7438258777206607,0.0,0.0
ES,0.0,0.006330035138274255,0.0,,0.02646104487950709,0.0,0.0006715141595055976
EU@ES,0.0,0.0810687034123822,0.7942942124564941,0.24962168111156968,,0.16100463571576834,0.0
IT@ES,0.0,4.5576841083846686e-05,0.0,0.0,0.016967443217033067,,0.0034205252499816385
MT,0.0,0.000916682594057368,0.0,0.004402256156280093,0.0,0.022555870753476787,
