,common_teks_fraction,common_teks_fraction,common_teks_fraction,common_teks_fraction,common_teks_fraction,common_teks_fraction,common_teks_fraction
region_x,CH,DE,DE@ES,ES,EU@ES,IT@ES,MT
region_y,,,,,,,
CH,,0.03076750715381395,0.0,0.0,0.0,0.0,0.0
DE,0.9445062191306147,,1.0,0.6889766031691551,0.8426280317148601,0.005234941658782718,0.07626935763978092
DE@ES,0.0,0.11333646132812862,,0.0,0.7340908028241455,0.0,0.0
ES,0.0,0.01014548545271828,0.0,,0.022303268340580728,0.0,0.0026409626668584874
EU@ES,0.0,0.10626393593282617,0.8168270838752834,0.19100737944053545,,0.1402081362346263,0.0
IT@ES,0.0,6.991658025370453e-05,0.0,0.0,0.01484880668496884,,0.0034219477356571062
MT,0.0,0.00625205853786741,0.0,0.014701676105485955,0.0,0.021002838221381267,
