,common_teks_fraction,common_teks_fraction,common_teks_fraction,common_teks_fraction,common_teks_fraction,common_teks_fraction,common_teks_fraction
region_x,CH,DE,DE@ES,ES,EU@ES,IT@ES,MT
region_y,,,,,,,
CH,,0.029995367681119992,0.0,0.0,0.0,0.0,0.0
DE,0.9758863212286494,,1.0,0.8498003349220662,0.644196623263348,0.005365809543906188,0.6126753012823262
DE@ES,0.0,0.06814655774589892,,0.0,0.44520590617407013,0.0,0.0
ES,0.0,0.02910419776325174,0.0,,0.11706435736091209,0.0,0.01875241240296779
EU@ES,0.0,0.03041154109160962,0.3084160552438498,0.161363733951651,,0.043438941307689986,0.0
IT@ES,0.0,0.0002617627811560209,0.0,0.0,0.04488816896143542,,0.03167217051936355
MT,0.0,0.08403320563819383,0.0,0.07509983253896689,0.0,0.0890483224308926,
