,common_teks_fraction,common_teks_fraction,common_teks_fraction,common_teks_fraction,common_teks_fraction,common_teks_fraction,common_teks_fraction
region_x,CH,DE,DE@ES,EE,ES,EU@ES,IT@ES
region_y,,,,,,,
CH,,0.01994546770172968,0.0,0.0,0.0,0.0,0.0
DE,0.9846900359742324,,0.9942244845710155,0.0,0.7903726708074534,0.8966739372826382,0.007923407065037967
DE@ES,0.0,0.6712403979603768,,0.0,0.0,0.7779741343117746,0.0
EE,0.0,0.0,0.0,,0.0,0.0003241510075042911,0.0
ES,0.0,0.002587657534455499,0.0,0.0,,0.003772649075290906,0.0
EU@ES,0.0,0.7781494605233948,1.0,0.46111111111111114,1.0,,1.0
IT@ES,0.0,4.067045240794497e-05,0.0,0.0,0.0,0.005914779528496974,
