,common_teks_fraction,common_teks_fraction,common_teks_fraction,common_teks_fraction,common_teks_fraction,common_teks_fraction,common_teks_fraction
region_x,CH,DE,DE@ES,ES,EU@ES,IT@ES,MT
region_y,,,,,,,
CH,,0.029646840832052705,0.0,0.0,0.0,0.0,0.0
DE,0.9369335873960124,,1.0,0.844865541503,0.6421062541186807,0.005365809543906188,0.46756765474308937
DE@ES,0.0,0.06814655774589892,,0.0,0.44848903254150063,0.0,0.0
ES,0.0,0.028783611885206728,0.0,,0.11055323689082751,0.0,0.017740218688514015
EU@ES,0.0,0.030090955213564606,0.3084160552438498,0.15206975439202314,,0.043438941307689986,0.0
IT@ES,0.0,0.0002617627811560209,0.0,0.0,0.045219192267863306,,0.021374275607736887
MT,0.0,0.0639524709377137,0.0,0.07122199680580135,0.0,0.059928254906098335,
