,common_teks_fraction,common_teks_fraction,common_teks_fraction,common_teks_fraction,common_teks_fraction,common_teks_fraction
region_x,CH,DE,EE,ES,IT@ES,MT
region_y,,,,,,
CH,,0.015538322744111944,0.0,0.0,0.0,0.0
DE,0.9886419149975574,,0.0,0.9245421245421246,0.006844106463878327,0.8732059447983015
EE,0.0,0.0,,0.0,0.0,0.0
ES,0.0,0.0024224043610956486,0.0,,0.0,0.001132342533616419
IT@ES,0.0,3.45509338349617e-05,0.0,0.0,,0.0027742392073602266
MT,0.0,0.11841756723035875,0.0,0.05860805860805861,0.07452471482889733,
