,common_teks_fraction,common_teks_fraction,common_teks_fraction,common_teks_fraction,common_teks_fraction,common_teks_fraction,common_teks_fraction
region_x,CH,DE,DE@ES,ES,EU@ES,IT@ES,MT
region_y,,,,,,,
CH,,0.027806283723186852,0.0,0.0,0.0,0.0,0.0
DE,0.9479725327051276,,0.9649957826244125,0.6235833783054506,0.8401587176178311,0.0048245272741420904,0.2884148141420105
DE@ES,0.0,0.10596836085096373,,0.0,0.7478953236241693,0.0,0.0
ES,0.0,0.006795359983533528,0.0,,0.03255993609157866,0.0,0.0035309611934875905
EU@ES,0.0,0.07035373509563786,0.5703163701115261,0.25020237452779276,,0.1381993619173605,0.0
IT@ES,0.0,4.5576841083846686e-05,0.0,0.0,0.015590845645360934,,0.0030086968368945705
MT,0.0,0.018674007968596085,0.0,0.020979492714517,0.0,0.020620963349155707,
