,common_teks_fraction,common_teks_fraction,common_teks_fraction,common_teks_fraction,common_teks_fraction,common_teks_fraction,common_teks_fraction
region_x,CH,DE,DE@ES,ES,EU@ES,IT@ES,MT
region_y,,,,,,,
CH,,0.02697854948027699,0.0,0.0,0.0,0.0,0.0
DE,0.9145505743975678,,0.9592855307519212,0.6087744012879855,0.8043356694142852,0.004937878305192736,0.09703815605758886
DE@ES,0.0,0.09056706411632386,,0.0,0.7408547877555467,0.0,0.0
ES,0.0,0.006671126336063043,0.0,,0.030124550637278043,0.0,0.003559248323376594
EU@ES,0.0,0.08141567549289148,0.7942942124564941,0.27825853625813374,,0.18532972284166932,0.0
IT@ES,0.0,4.5576841083846686e-05,0.0,0.0,0.016899669559533752,,0.0
MT,0.0,0.006233000573386065,0.0,0.0208626819614946,0.0,0.0,
