,common_teks_fraction,common_teks_fraction,common_teks_fraction,common_teks_fraction,common_teks_fraction,common_teks_fraction,common_teks_fraction
region_x,CH,DE,DE@ES,ES,EU@ES,IT@ES,MT
region_y,,,,,,,
CH,,0.03131380116127674,0.0,0.0,0.0,0.0,0.0
DE,0.9003440871342457,,1.0,0.6630907042857909,0.8406794865405564,0.004906711897261933,0.01117827093320462
DE@ES,0.0,0.13061169032980224,,0.0,0.7088616606981397,0.0,0.0
ES,0.0,0.01112327835279742,0.0,,0.03205205789589845,0.0,0.0
EU@ES,0.0,0.10624881339400358,0.6859193838395669,0.24148473958053962,,0.13363217833777563,0.0
IT@ES,0.0,7.288347731569253e-05,0.0,0.0,0.015705650759296308,,0.0
MT,0.0,0.0009168921405517369,0.0,0.0,0.0,0.0,
