,common_teks_fraction,common_teks_fraction,common_teks_fraction,common_teks_fraction,common_teks_fraction,common_teks_fraction,common_teks_fraction
region_x,CH,DE,DE@ES,ES,EU@ES,IT@ES,MT
region_y,,,,,,,
CH,,0.030417924252545428,0.0,0.0,0.0,0.0,0.0
DE,0.9178019520130134,,1.0,0.6809483004855755,0.8425426369027323,0.005234941658782718,0.014125421323398972
DE@ES,0.0,0.11333646132812862,,0.0,0.7347386296021448,0.0,0.0
ES,0.0,0.01004103176655612,0.0,,0.021440462103130827,0.0,0.0004878481461770445
EU@ES,0.0,0.10615948224666401,0.8168270838752834,0.18320479862896316,,0.1402081362346263,0.0
IT@ES,0.0,6.991658025370453e-05,0.0,0.0,0.01486191058785776,,0.0
MT,0.0,0.0010731773884725248,0.0,0.0025135675521279635,0.0,0.0,
