,common_teks_fraction,common_teks_fraction,common_teks_fraction,common_teks_fraction,common_teks_fraction,common_teks_fraction
region_x,DE,DE@ES,ES,EU@ES,IT@ES,MT
region_y,,,,,,
DE,,1.0,0.6764342235410484,0.8627259321676849,0.004912080871360433,0.4814368194109479
DE@ES,0.1000796412680275,,0.0,0.7550115862650095,0.0,0.0
ES,0.008611015363209826,0.0,,0.031101748472719612,0.0,0.0
EU@ES,0.08057303938465316,0.7045710106863986,0.22817754698318496,,0.09382786360076885,0.0
IT@ES,5.430086456420015e-05,0.0,0.0,0.011105961659995786,,0.0
MT,0.031104951766666823,0.0,0.0,0.0,0.0,
