,common_teks_fraction,common_teks_fraction,common_teks_fraction,common_teks_fraction,common_teks_fraction,common_teks_fraction,common_teks_fraction
region_x,CH,DE,DE@ES,ES,EU@ES,IT@ES,MT
region_y,,,,,,,
CH,,0.031024456098447478,0.0,0.0,0.0,0.0,0.0
DE,0.9691808596918086,,1.0,0.9002619383437437,0.6452784750709198,0.0047522063815342835,0.624234306634521
DE@ES,0.0,0.37943299236720496,,0.0,0.2982713932937407,0.0,0.2610054469149031
ES,0.0,0.11599771535386054,0.0,,0.10128778138329354,0.0,0.0797928386463077
EU@ES,0.0,0.8208629731554079,1.0,1.0,,1.0,0.860523261005447
IT@ES,0.0,0.0001817332156394413,0.0,0.0,0.030061837996693812,,0.02630592017144388
MT,0.0,0.9074718313515759,1.0,0.9002619383437437,0.9833874160697157,1.0,
