,common_teks_fraction,common_teks_fraction,common_teks_fraction,common_teks_fraction,common_teks_fraction,common_teks_fraction,common_teks_fraction
region_x,CH,DE,DE@ES,ES,EU@ES,IT@ES,MT
region_y,,,,,,,
CH,,0.027337980358114588,0.0,0.0,0.0,0.0,0.0
DE,0.8591205211726385,,1.0,0.8399683105565459,0.6280569363757961,0.005532503457814661,0.578709080198603
DE@ES,0.0,0.37381772952242753,,0.0,0.28799584755744545,0.0,0.24280063956913236
ES,0.0,0.10989608976186158,0.0,,0.10079655027849314,0.0,0.07516620382058403
EU@ES,0.0,0.8152159830012179,1.0,1.0,,1.0,0.8285954725237734
IT@ES,0.0,0.0002073022207250395,0.0,0.0,0.028867461220578546,,0.024337288563494066
MT,0.0,0.8909849446762198,1.0,0.8845315904139434,0.982831247130223,1.0,
