,common_teks_fraction,common_teks_fraction,common_teks_fraction,common_teks_fraction,common_teks_fraction,common_teks_fraction
region_x,CH,DE,EE,ES,IT@ES,MT
region_y,,,,,,
CH,,0.014163311085369666,0.0,0.0,0.0,0.0
DE,0.8950732047408785,,0.0,0.8114478114478114,0.011410459587955626,0.3492932236090877
EE,0.0,0.0,,0.0,0.0,0.0
ES,0.0,0.002215602993362384,0.0,,0.0,0.0018899870063393315
IT@ES,0.0,6.619228859837829e-05,0.0,0.0,,0.005906209394810411
MT,0.0,0.04893264934635115,0.0,0.09696969696969697,0.14263074484944532,
