,common_teks_fraction,common_teks_fraction,common_teks_fraction,common_teks_fraction,common_teks_fraction,common_teks_fraction,common_teks_fraction
region_x,CH,DE,DE@ES,ES,EU@ES,IT@ES,MT
region_y,,,,,,,
CH,,0.03198557191341463,0.0,0.0,0.0,0.0,0.0
DE,0.9841380919057616,,1.0,0.7016637328942138,0.853916618798561,0.00462280584215463,0.40644260453142217
DE@ES,0.0,0.11333646132812862,,0.0,0.7267184649958178,0.0,0.0
ES,0.0,0.010409146773434057,0.0,,0.03568441313702371,0.0,0.0
EU@ES,0.0,0.07137808949153798,0.5359768107324687,0.20106751462154335,,0.07436687659118317,0.0
IT@ES,0.0,5.8123422138621834e-05,0.0,0.0,0.01118602049762675,,0.0030653096399079318
MT,0.0,0.031385805586419,0.0,0.0,0.0,0.01882620929920943,
