,common_teks_fraction,common_teks_fraction,common_teks_fraction,common_teks_fraction,common_teks_fraction,common_teks_fraction,common_teks_fraction
region_x,CH,DE,DE@ES,ES,EU@ES,IT@ES,MT
region_y,,,,,,,
CH,,0.03034683568503173,0.0,0.0,0.0,0.0,0.0
DE,0.986283037805286,,1.0,0.8508030070049547,0.6454294488042434,0.005365809543906188,0.6469487204311486
DE@ES,0.0,0.06814655774589892,,0.0,0.44331399857315673,0.0,0.0
ES,0.0,0.02929243167329652,0.0,,0.12081640249387388,0.0,0.019309172663805253
EU@ES,0.0,0.030599775001654398,0.3084160552438498,0.16636767469673672,,0.043438941307689986,0.0
IT@ES,0.0,0.0002617627811560209,0.0,0.0,0.04469741617295822,,0.03177676660104775
MT,0.0,0.0884419967500239,0.0,0.07667008371775158,0.0,0.0890483224308926,
