,common_teks_fraction,common_teks_fraction,common_teks_fraction,common_teks_fraction,common_teks_fraction,common_teks_fraction,common_teks_fraction
region_x,DE,DE@ES,EE,ES,EU@ES,IT@ES,MT
region_y,,,,,,,
DE,,1.0,0.0,0.6756923837784372,0.8627193204227133,0.004912080871360433,0.4640112060915164
DE@ES,0.1000796412680275,,0.0,0.0,0.7550943014612934,0.0,0.0
EE,0.0,0.0,,0.0,0.000859584365677302,0.0,0.0
ES,0.008601571734589966,0.0,0.0,,0.03099560095059918,0.0,0.005710796638172545
EU@ES,0.0805635957560333,0.7045710106863986,0.050974512743628186,0.2273738872403561,,0.09382786360076885,0.0
IT@ES,5.430086456420015e-05,0.0,0.0,0.0,0.011107178372183175,,0.007889758877475277
MT,0.03050055953499573,0.0,0.0,0.02948813056379822,0.0,0.046913931800384424,
