,common_teks_fraction,common_teks_fraction,common_teks_fraction,common_teks_fraction,common_teks_fraction,common_teks_fraction,common_teks_fraction
region_x,CH,DE,DE@ES,ES,EU@ES,IT@ES,MT
region_y,,,,,,,
CH,,0.02672229036649638,0.0,0.0,0.0,0.0,0.0
DE,0.7322253000923361,,1.0,0.7687595065066757,0.6206940116230102,0.003950321711806075,0.015516993826020963
DE@ES,0.0,0.09821536885522113,,0.0,0.4428535332266487,0.0,0.0
ES,0.0,0.030656498941891656,0.0,,0.09161542996715236,0.0,0.0043484503517732245
EU@ES,0.0,0.04966706654625349,0.360804226995128,0.1838347135372655,,0.0631752207092623,0.0
IT@ES,0.0,0.00022240493873754868,0.0,0.0,0.04444959151014908,,0.017383545627961357
MT,0.0,0.0025492323659841755,0.0,0.01791448369105966,0.0,0.05072572198114619,
