,common_teks_fraction,common_teks_fraction,common_teks_fraction,common_teks_fraction,common_teks_fraction,common_teks_fraction,common_teks_fraction
region_x,CH,DE,DE@ES,ES,EU@ES,IT@ES,MT
region_y,,,,,,,
CH,,0.031140676371312636,0.0,0.0,0.0,0.0,0.0
DE,0.9649951708475815,,1.0,0.6960700188776385,0.8427301485604453,0.005234941658782718,0.16549177199559975
DE@ES,0.0,0.11333646132812862,,0.0,0.7334588021730135,0.0,0.0
ES,0.0,0.010249939138880441,0.0,,0.02314499659632403,0.0,0.004770671036975507
EU@ES,0.0,0.10636838961898833,0.8168270838752834,0.1983868199759739,,0.1402081362346263,0.0
IT@ES,0.0,6.991658025370453e-05,0.0,0.0,0.014836022904737116,,0.008564757649911322
MT,0.0,0.012419037863618865,0.0,0.024312110291173274,0.0,0.04812362030905077,
