,common_teks_fraction,common_teks_fraction,common_teks_fraction,common_teks_fraction,common_teks_fraction,common_teks_fraction,common_teks_fraction
region_x,CH,DE,DE@ES,ES,EU@ES,IT@ES,MT
region_y,,,,,,,
CH,,0.031024456098447478,0.0,0.0,0.0,0.0,0.0
DE,0.9691808596918086,,1.0,0.9010479645304312,0.6453528715457774,0.0047522063815342835,0.628947226370621
DE@ES,0.0,0.37943299236720496,,0.0,0.2982774807134985,0.0,0.26296849416125373
ES,0.0,0.116075601017706,0.0,,0.101269439568962,0.0,0.08044694747827338
EU@ES,0.0,0.8209408588192534,1.0,1.0,,1.0,0.8670493189628803
IT@ES,0.0,0.0001817332156394413,0.0,0.0,0.03006245152863382,,0.026503769544955647
MT,0.0,0.9074977932395244,1.0,0.9010479645304312,0.9834687130086942,1.0,
