,common_teks_fraction,common_teks_fraction,common_teks_fraction,common_teks_fraction,common_teks_fraction,common_teks_fraction,common_teks_fraction
region_x,CH,DE,DE@ES,ES,EU@ES,IT@ES,MT
region_y,,,,,,,
CH,,0.029826581609917708,0.0,0.0,0.0,0.0,0.0
DE,0.878784870445746,,1.0,0.6664390188378578,0.8538680906167702,0.0047642021469062835,0.009680671577301346
DE@ES,0.0,0.10674324357336061,,0.0,0.742575914097397,0.0,0.0
ES,0.0,0.009864134394829879,0.0,,0.029274396542944028,0.0,1.02876424838484e-05
EU@ES,0.0,0.09886962579466932,0.8055130289303808,0.22901371578168572,,0.10909419852852491,0.0
IT@ES,0.0,6.654710650653804e-05,0.0,0.0,0.013160383535334429,,0.0011830788856425662
MT,0.0,0.0007926686990209152,0.0,5.6911957202208187e-05,0.0,0.00693523097334459,
