,common_teks_fraction,common_teks_fraction,common_teks_fraction,common_teks_fraction,common_teks_fraction,common_teks_fraction,common_teks_fraction
region_x,CH,DE,DE@ES,EE,ES,IT@ES,MT
region_y,,,,,,,
CH,,0.032700293853364745,0.0,0.0,0.0,0.0,0.0
DE,0.9756068107716459,,1.0,0.0,0.8783820103924028,0.006042546146842149,0.4352669962483784
DE@ES,0.0,0.02201269317013543,,0.0,0.0,0.0,0.0
EE,0.0,0.0,0.0,,0.0,0.0,0.0
ES,0.0,0.03968437072475735,0.0,0.0,,0.0,0.013858209740191437
IT@ES,0.0,0.00029547239154544203,0.0,0.0,0.0,,0.03125766978717436
MT,0.0,0.1004950174450138,0.0,0.0,0.07082064146210357,0.1475871202715007,
