,common_teks_fraction,common_teks_fraction,common_teks_fraction,common_teks_fraction,common_teks_fraction,common_teks_fraction
region_x,CH,DE,EE,ES,IT@ES,MT
region_y,,,,,,
CH,,0.015534483751463615,0.0,0.0,0.0,0.0
DE,0.9877944586842426,,0.0,0.9196493791088386,0.006907137375287797,0.8323634767588385
EE,0.0,0.0,,0.0,0.0,0.0
ES,0.0,0.0024166458721231548,0.0,,0.0,0.0017131773067720058
IT@ES,0.0,3.45509338349617e-05,0.0,0.0,,0.0025768452052273147
MT,0.0,0.1128452694013091,0.0,0.08838568298027757,0.06983883346124328,
