,common_teks_fraction,common_teks_fraction,common_teks_fraction,common_teks_fraction,common_teks_fraction,common_teks_fraction
region_x,CH,DE,EE,ES,IT@ES,MT
region_y,,,,,,
CH,,0.015454256580236742,0.0,0.0,0.0,0.0
DE,0.955641840216496,,0.0,0.8746518105849582,0.011877268228307489,0.6896344953528305
EE,0.0,0.0,,0.0,0.0,0.0
ES,0.0,0.0023898727240553247,0.0,,0.0,0.0027119845185205375
IT@ES,0.0,6.849953667674498e-05,0.0,0.0,,0.006241652811469378
MT,0.0,0.09628751538861119,0.0,0.13857938718662952,0.1511052457934675,
