,common_teks_fraction,common_teks_fraction,common_teks_fraction,common_teks_fraction,common_teks_fraction,common_teks_fraction,common_teks_fraction
region_x,CH,DE,DE@ES,ES,EU@ES,IT@ES,MT
region_y,,,,,,,
CH,,0.02666245203405031,0.0,0.0,0.0,0.0,0.0
DE,0.9006481090611109,,0.9592855307519212,0.601807513320294,0.8043419760718572,0.00428976683041583,0.025179898618709458
DE@ES,0.0,0.09056706411632386,,0.0,0.7419324339066875,0.0,0.0
ES,0.0,0.006559389564373613,0.0,,0.028939234153969234,0.0,0.0018078481880162115
EU@ES,0.0,0.08129805783848155,0.7942942124564941,0.2683617724421663,,0.16100463571576834,0.0
IT@ES,0.0,4.5576841083846686e-05,0.0,0.0,0.016924251790974218,,0.003993808415356075
MT,0.0,0.0015665201346722142,0.0,0.010319012612126525,0.0,0.02338614820452501,
