,common_teks_fraction,common_teks_fraction,common_teks_fraction,common_teks_fraction,common_teks_fraction,common_teks_fraction,common_teks_fraction
region_x,CH,DE,DE@ES,ES,EU@ES,IT@ES,MT
region_y,,,,,,,
CH,,0.03190554691191943,0.0,0.0,0.0,0.0,0.0
DE,0.9829751894529223,,1.0,0.7015790071566511,0.8539092576542439,0.005234941658782718,0.35006439220308644
DE@ES,0.0,0.11333646132812862,,0.0,0.7267550843528914,0.0,0.0
ES,0.0,0.0104049349312501,0.0,,0.03563582125652551,0.0,0.004638421408770436
EU@ES,0.0,0.07137387764935403,0.5359768107324687,0.2008406225150517,,0.07000946073793755,0.0
IT@ES,0.0,6.991658025370453e-05,0.0,0.0,0.011186584161409307,,0.012398227577325213
MT,0.0,0.027018967610091236,0.0,0.02413949789844371,0.0,0.07164932198044781,
