,common_teks_fraction,common_teks_fraction,common_teks_fraction,common_teks_fraction,common_teks_fraction,common_teks_fraction,common_teks_fraction
region_x,CH,DE,DE@ES,EE,ES,IT@ES,MT
region_y,,,,,,,
CH,,0.03465432069677764,0.0,0.0,0.0,0.0,0.0
DE,0.9672292854011398,,1.0,0.0,0.8713109984204839,0.005760745219807158,0.3854053412029127
DE@ES,0.0,0.11465377093984874,,0.0,0.0,0.0,0.0
EE,0.0,0.0,0.0,,0.0,0.0,0.0
ES,0.0,0.04115715979863189,0.0,0.0,,0.0,0.014929055010918128
IT@ES,0.0,0.00027684188205357775,0.0,0.0,0.0,,0.04230203470045957
MT,0.0,0.08282284475649695,0.0,0.0,0.06791919527807798,0.18916489622487334,
