,common_teks_fraction,common_teks_fraction,common_teks_fraction,common_teks_fraction,common_teks_fraction,common_teks_fraction
region_x,CH,DE,EE,ES,IT@ES,MT
region_y,,,,,,
CH,,0.019682591265166593,0.0,0.0,0.0,0.0
DE,0.8760778859527121,,0.0,0.6995169082125604,0.005913978494623656,0.5209625403125775
EE,0.0,0.0,,0.0,0.0,0.0
ES,0.0,0.003393442469276222,0.0,,0.0,0.0041428925824857354
IT@ES,0.0,3.4371885047917536e-05,0.0,0.0,,0.0024559662614735797
MT,0.0,0.0656190532732971,0.0,0.1075684380032206,0.0532258064516129,
