,common_teks_fraction,common_teks_fraction,common_teks_fraction,common_teks_fraction,common_teks_fraction,common_teks_fraction,common_teks_fraction
region_x,CH,DE,DE@ES,ES,EU@ES,IT@ES,MT
region_y,,,,,,,
CH,,0.0296564231856858,0.0,0.0,0.0,0.0,0.0
DE,0.8596054302177947,,1.0,0.6536402877697842,0.8536786430786066,0.0047642021469062835,0.011448434211365521
DE@ES,0.0,0.10674324357336061,,0.0,0.7446507386467263,0.0,0.0
ES,0.0,0.009566778336642438,0.0,,0.026562101039576874,0.0,0.0
EU@ES,0.0,0.09857226973648188,0.8055130289303808,0.20955395683453237,,0.10909419852852491,0.0
IT@ES,0.0,6.654710650653804e-05,0.0,0.0,0.01319715484223965,,0.0
MT,0.0,0.0009072308064245756,0.0,0.0,0.0,0.0,
