,common_teks_fraction,common_teks_fraction,common_teks_fraction,common_teks_fraction,common_teks_fraction,common_teks_fraction,common_teks_fraction
region_x,CH,DE,DE@ES,ES,EU@ES,IT@ES,MT
region_y,,,,,,,
CH,,0.027202576899932746,0.0,0.0,0.0,0.0,0.0
DE,0.8879260543038706,,0.8418338513704436,0.8652291105121294,0.7199675456389453,0.0,0.6683794842515939
DE@ES,0.0,0.6327386641180843,,0.0,0.6891359026369168,0.0,0.6437022234909759
ES,0.0,0.005681214824254008,0.0,,0.006020283975659229,0.0,0.00526532813144289
EU@ES,0.0,0.7852465399454887,1.0,1.0,,1.0,0.915421702033178
IT@ES,0.0,0.0,0.0,0.0,0.016924949290060852,,0.016351064167221745
MT,0.0,0.7458851014123394,0.9557313742111707,0.894878706199461,0.9366490872210953,0.9884947267497604,
