,common_teks_fraction,common_teks_fraction,common_teks_fraction,common_teks_fraction,common_teks_fraction,common_teks_fraction,common_teks_fraction
region_x,CH,DE,DE@ES,ES,EU@ES,IT@ES,MT
region_y,,,,,,,
CH,,0.0268301230640661,0.0,0.0,0.0,0.0,0.0
DE,0.7690895918860179,,1.0,0.8035021997647777,0.6225316720762224,0.003950321711806075,0.01725373745648167
DE@ES,0.0,0.09821536885522113,,0.0,0.44041461627054757,0.0,0.0
ES,0.0,0.0310794053026729,0.0,,0.09661815516699822,0.0,0.009778824493139463
EU@ES,0.0,0.050089972907034735,0.360804226995128,0.20098444918761163,,0.0631752207092623,0.0
IT@ES,0.0,0.00022240493873754868,0.0,0.0,0.044204795309391684,,0.03660659430677862
MT,0.0,0.0028390327407027995,0.0,0.041599512131376054,0.0,0.10698787969474786,
