,common_teks_fraction,common_teks_fraction,common_teks_fraction,common_teks_fraction,common_teks_fraction,common_teks_fraction,common_teks_fraction
region_x,CH,DE@ES,EE,ES,EU@ES,IT@ES,MT
region_y,,,,,,,
CH,,0.0,0.0,0.0,0.0,0.0,0.0
DE@ES,0.0,,0.0,0.0,0.2296962182269064,0.0,0.2225199699597187
EE,0.0,0.0,,0.0,0.0,0.0,0.0
ES,0.0,0.0,0.0,,0.11637354390315528,0.0,0.09887690312009285
EU@ES,0.0,1.0,0.0,1.0,,1.0,0.937956578138868
IT@ES,0.0,0.0,0.0,0.0,0.02031193917838614,,0.020891650167269748
MT,0.0,0.9259890617231338,0.0,0.8121407542408524,0.8965477860802036,0.983132530120482,
